{"params": {"params_p_harmony": [454287.90625, 224178.328125, 183675.859375, 58378.10546875, 38640.03125, 31303.11328125, 25603.17578125, 10599.9970703125, 3810.1953125, 3162.898681640625, 1588.6650390625, 1435.6773681640625, 535.7164916992188, 330.32403564453125], "params_p_chordtones": [[7.177610874176025, 2.7919437885284424, 157.09075927734375, 188.03919982910156, 140.85507202148438, 81.6169662475586, 349.44482421875, 657.3846435546875, 515.6658935546875, 363.0852355957031, 3471.99267578125, 9616.2373046875, 4663.107421875, 6483.93212890625, 98562.8125, 72718.0234375, 6652.23828125, 5829.42333984375, 62098.3203125, 7135.82958984375, 553.3450927734375, 2131.875244140625, 1509.0791015625, 269.82794189453125, 110.14955139160156, 192.71517944335938, 154.7965087890625, 50.533477783203125, 3.558471918106079], [8.457189559936523, 4.289648532867432, 12.984439849853516, 81.52299499511719, 42.927520751953125, 66.46295928955078, 82.8666763305664, 540.94873046875, 1697.525390625, 308.6640625, 1287.0125732421875, 34094.703125, 3900.20166015625, 1778.27392578125, 43598.9296875, 32472.947265625, 2877.451171875, 2484.89453125, 3082.33154296875, 774.7749633789062, 262.776611328125, 374.4998779296875, 263.14251708984375, 64.46656799316406, 12.097116470336914, 14.693435668945312, 22.411828994750977, 22.955039978027344, 3.8210458755493164], [8.559637069702148, 22.758989334106445, 43.66132736206055, 80.35482788085938, 47.31079864501953, 45.15491485595703, 39.860740661621094, 42.99021530151367, 415.43829345703125, 83.07081604003906, 67.83357238769531, 1716.9122314453125, 10262.90234375, 230.57498168945312, 12979.69921875, 10724.5986328125, 766.0242919921875, 287.3196716308594, 8156.9462890625, 951.36767578125, 103.36590576171875, 230.96990966796875, 247.92987060546875, 38.50495147705078, 18.38210105895996, 18.276155471801758, 30.49403190612793, 10.328495025634766, 0.2887328565120697], [13.345973014831543, 22.923187255859375, 5.40656042098999, 15.441329956054688, 164.03050231933594, 377.7648010253906, 68.49356842041016, 470.7961120605469, 6008.90771484375, 584.7178955078125, 538.1092529296875, 8729.0458984375, 749.565673828125, 298.5386047363281, 6729.3818359375, 1138.736328125, 116.05509948730469, 399.3036804199219, 195.28048706054688, 31.94109535217285, 33.97693634033203, 62.43980407714844, 7.093246936798096, 11.255326271057129, 1.9648431539535522, 0.4479994475841522, 4.04704475402832, 0.46979430317878723, 0.4254263639450073], [12.719313621520996, 74.27178955078125, 11.398395538330078, 9.90677261352539, 239.93798828125, 2572.36767578125, 53.13486862182617, 155.67083740234375, 2804.95751953125, 289.06268310546875, 111.65950775146484, 2441.502197265625, 312.4268798828125, 46.59641647338867, 2410.146240234375, 458.83544921875, 17.376144409179688, 12.034869194030762, 121.48639678955078, 4.633884429931641, 0.6792805790901184, 29.946434020996094, 2.2311275005340576, 2.8838608264923096, 1.7479287385940552, 0.3007807731628418, 0.808356523513794, 0.4211377501487732, 0.31628450751304626], [3.900367498397827, 4.7047529220581055, 0.4841167628765106, 3.0358126163482666, 15.041424751281738, 10.952030181884766, 3.226726531982422, 31.383129119873047, 239.2458953857422, 21.624956130981445, 53.167869567871094, 2036.4671630859375, 2236.821044921875, 45.076393127441406, 2068.0576171875, 1853.78955078125, 141.4311065673828, 8.541536331176758, 137.34439086914062, 40.25688552856445, 13.336566925048828, 11.106595993041992, 19.92477798461914, 18.23768424987793, 16.63467025756836, 4.75390625, 3.072880744934082, 1.3143243789672852, 0.9559366703033447], [11.682271003723145, 10.555026054382324, 4.413991928100586, 10.439242362976074, 44.31993103027344, 79.11791229248047, 25.114105224609375, 54.57951354980469, 1320.7430419921875, 85.79735565185547, 31.462879180908203, 1514.8966064453125, 1640.2525634765625, 29.7227840423584, 1536.3319091796875, 254.23233032226562, 8.048881530761719, 12.246658325195312, 67.31088256835938, 6.989232540130615, 9.281864166259766, 8.812278747558594, 9.877079963684082, 1.262958288192749, 7.9088826179504395, 0.3286578059196472, 1.0950833559036255, 0.28892648220062256, 0.2716584801673889], [0.28498417139053345, 0.31987980008125305, 1.0987937450408936, 3.1706013679504395, 1.6306096315383911, 1.8328020572662354, 0.44704926013946533, 11.799345016479492, 10.573909759521484, 2.9203083515167236, 0.617673933506012, 82.20475006103516, 37.2199592590332, 0.7166876196861267, 675.2569580078125, 613.1500244140625, 38.46501922607422, 15.46450424194336, 578.5548095703125, 633.7635498046875, 5.6564130783081055, 8.543540000915527, 21.33416175842285, 3.763746500015259, 1.4972684383392334, 4.2414164543151855, 3.780472993850708, 0.7323221564292908, 0.29773929715156555], [0.46546486020088196, 0.48395583033561707, 0.4678367078304291, 2.4985461235046387, 6.651252746582031, 2.0454957485198975, 0.5148534774780273, 15.934684753417969, 3.8043994903564453, 4.358591556549072, 24.26576805114746, 103.99183654785156, 5.417970657348633, 24.239580154418945, 737.1134033203125, 193.73715209960938, 13.974472999572754, 27.801532745361328, 652.4296875, 124.7690200805664, 5.266413688659668, 39.5422248840332, 670.750732421875, 78.39257049560547, 6.176898956298828, 7.060318470001221, 8.606634140014648, 4.09051513671875, 0.5024994611740112], [1.0215381383895874, 12.219801902770996, 4.254377365112305, 12.46141529083252, 231.43272399902344, 263.75, 4.106642246246338, 31.607650756835938, 318.7530517578125, 25.661083221435547, 5.544261455535889, 36.068626403808594, 7.055206775665283, 0.7387031316757202, 208.94300842285156, 22.493602752685547, 0.8529939651489258, 1.9517878293991089, 4.759978294372559, 0.2801959812641144, 0.3140527904033661, 0.28787827491760254, 0.3163585364818573, 0.2969149053096771, 0.3261670172214508, 0.35077813267707825, 0.3237724006175995, 0.35124364495277405, 0.3328007757663727], [2.5810256004333496, 16.8229923248291, 1.8203480243682861, 12.43701171875, 212.8594207763672, 56.61872482299805, 0.5917986631393433, 75.04940795898438, 258.021484375, 30.951122283935547, 4.240054607391357, 72.2235107421875, 19.16796875, 9.49004077911377, 190.8871307373047, 31.445510864257812, 1.9045720100402832, 33.5434684753418, 14.66979694366455, 1.2629690170288086, 0.4788467288017273, 0.46029770374298096, 0.4871091842651367, 0.42357009649276733, 0.43091920018196106, 0.4593288004398346, 0.48620834946632385, 0.4615176022052765, 0.5002390146255493], [0.9928911924362183, 0.3120732009410858, 7.242159366607666, 0.8055986762046814, 4.021770477294922, 4.379899501800537, 1.193757176399231, 7.263644218444824, 89.21334838867188, 18.038843154907227, 3.5546090602874756, 29.306400299072266, 84.24158477783203, 2.3841779232025146, 87.75755310058594, 38.15202713012695, 0.8261750340461731, 18.86098289489746, 77.36080169677734, 15.431879043579102, 2.5994434356689453, 12.05219554901123, 3.1893672943115234, 0.8582858443260193, 3.3844289779663086, 0.3229351043701172, 0.32275137305259705, 0.30416804552078247, 0.3489258289337158], [0.2715880274772644, 0.28705447912216187, 0.2971644997596741, 0.3032003939151764, 0.9590891599655151, 0.2730318605899811, 0.3002881705760956, 0.32232487201690674, 3.652341842651367, 4.841993808746338, 0.6763264536857605, 31.019027709960938, 4.6605305671691895, 15.053848266601562, 34.760311126708984, 25.145896911621094, 0.26636889576911926, 11.288739204406738, 2.6620864868164062, 23.466035842895508, 0.2593557834625244, 0.3262120485305786, 0.27127695083618164, 3.583824872970581, 0.3506542146205902, 0.3277970552444458, 0.4814649224281311, 0.31335440278053284, 0.3130592703819275], [0.3489855229854584, 0.29898399114608765, 0.3319289982318878, 0.32240018248558044, 0.38308432698249817, 0.35292065143585205, 0.34460723400115967, 0.3350295126438141, 1.4373048543930054, 0.5128697156906128, 0.30616170167922974, 0.7950015664100647, 18.590829849243164, 0.43212470412254333, 31.05807113647461, 4.391964435577393, 0.4094410538673401, 1.6748311519622803, 23.28489112854004, 2.64615797996521, 0.3415461778640747, 4.492313385009766, 