{"Heuristic":-14.419334585957994,"RandomParse":-14.525356707244377,"RandomSample":-23.729552833678806}